Ident,Type,Name,Lat,Lon,Elevation_ft,Continent,Iso_country,Iso_region,Municipality,Gps_code,Iata_code,Local_code,
AMC,large_airport,Mar de CortÃ©s International Airport,-113.305864,31.351621,71,NA,MX,MX-SON,Puerto PeÃ±asco,MMPE,PPE,,
AYPY,large_airport,Port Moresby Jacksons International Airport,147.2200012,-9.443380356,146,OC,PG,PG-NCD,Port Moresby,AYPY,POM,,
BIKF,large_airport,Keflavik International Airport,-22.60560036,63.98500061,171,EU,IS,IS-2,ReykjavÃ­k,BIKF,KEF,,
BKPR,large_airport,PriÅ¡tina International Airport,21.035801,42.5728,1789,EU,XK,XK-01,Prishtina,BKPR,PRN,,
CA-0671,large_airport,Cyll,-110.072021,53.310365,,NA,CA,CA-U-A,,,,,
CYEG,large_airport,Edmonton International Airport,-113.5800018,53.30970001,2373,NA,CA,CA-AB,Edmonton,CYEG,YEG,CYEG,
CYHZ,large_airport,Halifax / Stanfield International Airport,-63.50859833,44.88079834,477,NA,CA,CA-NS,Halifax,CYHZ,YHZ,,
CYOW,large_airport,Ottawa Macdonald-Cartier International Airport,-75.66919708,45.32249832,374,NA,CA,CA-ON,Ottawa,CYOW,YOW,YOW,
CYUL,large_airport,Montreal / Pierre Elliott Trudeau International Airport,-73.74079895,45.47060013,118,NA,CA,CA-QC,MontrÃ©al,CYUL,YUL,YUL,
CYVR,large_airport,Vancouver International Airport,-123.1839981,49.19390106,14,NA,CA,CA-BC,Vancouver,CYVR,YVR,,
CYWG,large_airport,Winnipeg / James Armstrong Richardson International Airport,-97.23989868,49.90999985,783,NA,CA,CA-MB,Winnipeg,CYWG,YWG,YWG,
CYYC,large_airport,Calgary International Airport,-114.0199966,51.11389923,3557,NA,CA,CA-AB,Calgary,CYYC,YYC,,
CYYJ,large_airport,Victoria International Airport,-123.4260025,48.64690018,63,NA,CA,CA-BC,Victoria,CYYJ,YYJ,,
CYYT,large_airport,St. John's International Airport,-52.75189972,47.61859894,461,NA,CA,CA-NL,St. John's,CYYT,YYT,,
CYYZ,large_airport,Lester B. Pearson International Airport,-79.63059998,43.67720032,569,NA,CA,CA-ON,Toronto,CYYZ,YYZ,YYZ,
DAAG,large_airport,Houari Boumediene Airport,3.215409994,36.69100189,82,AF,DZ,DZ-35,Algiers,DAAG,ALG,,
DGAA,large_airport,Kotoka International Airport,-0.166786,5.6051898,205,AF,GH,GH-AA,Accra,DGAA,ACC,,
DNAA,large_airport,Nnamdi Azikiwe International Airport,7.263169765,9.006790161,1123,AF,NG,NG-FC,Abuja,DNAA,ABV,,
DNAI,large_airport,Akwa Ibom International Airport,8.093,4.8725,170,AF,NG,NG-AK,Uyo,DNAI,QUO,,
DNMM,large_airport,Murtala Muhammed International Airport,3.321160078,6.577370167,135,AF,NG,NG-LA,Lagos,DNMM,LOS,,
DTTA,large_airport,Tunis Carthage International Airport,10.22719955,36.85100174,22,AF,TN,TN-11,Tunis,DTTA,TUN,,
EBBR,large_airport,Brussels Airport,4.48443985,50.90140152,184,EU,BE,BE-BRU,Brussels,EBBR,BRU,,
EBCI,large_airport,Brussels South Charleroi Airport,4.45382,50.459202,614,EU,BE,BE-WHT,Brussels,EBCI,CRL,,
EBLG,large_airport,LiÃ¨ge Airport,5.443220139,50.63740158,659,EU,BE,BE-WLG,LiÃ¨ge,EBLG,LGG,,
EDDB,large_airport,Berlin-SchÃ¶nefeld Airport,13.5225,52.380001,157,EU,DE,DE-BR,Berlin,EDDB,SXF,,
EDDC,large_airport,Dresden Airport,13.76720047,51.13280106,755,EU,DE,DE-SN,Dresden,EDDC,DRS,,
EDDF,large_airport,Frankfurt am Main Airport,8.570556,50.033333,364,EU,DE,DE-HE,Frankfurt am Main,EDDF,FRA,,
EDDG,large_airport,MÃ¼nster OsnabrÃ¼ck Airport,7.684830189,52.13460159,160,EU,DE,DE-NW,MÃ¼nster,EDDG,FMO,,
EDDH,large_airport,Hamburg Airport,9.988229752,53.63040161,53,EU,DE,DE-HH,Hamburg,EDDH,HAM,,
EDDK,large_airport,Cologne Bonn Airport,7.142739773,50.86589813,302,EU,DE,DE-NW,Cologne,EDDK,CGN,,
EDDL,large_airport,DÃ¼sseldorf Airport,6.76678,51.289501,147,EU,DE,DE-NW,DÃ¼sseldorf,EDDL,DUS,,
EDDM,large_airport,Munich Airport,11.7861,48.353802,1487,EU,DE,DE-BY,Munich,EDDM,MUC,,
EDDN,large_airport,Nuremberg Airport,11.078056,49.498699,1046,EU,DE,DE-BY,Nuremberg,EDDN,NUE,,
EDDP,large_airport,Leipzig/Halle Airport,12.236389,51.423889,465,EU,DE,DE-SN,Leipzig,EDDP,LEJ,,
EDDS,large_airport,Stuttgart Airport,9.221960068,48.68989944,1276,EU,DE,DE-BW,Stuttgart,EDDS,STR,,
EDDT,large_airport,Berlin-Tegel Airport,13.2877,52.5597,122,EU,DE,DE-BE,Berlin,EDDT,TXL,,
EDDV,large_airport,Hannover Airport,9.685079575,52.46110153,183,EU,DE,DE-NI,Hannover,EDDV,HAJ,,
EDDW,large_airport,Bremen Airport,8.786669731,53.04750061,14,EU,DE,DE-HB,Bremen,EDDW,BRE,,
EDLW,large_airport,Dortmund Airport,7.612239838,51.5182991,425,EU,DE,DE-NW,Dortmund,EDLW,DTM,,
EDSB,large_airport,Karlsruhe Baden-Baden Airport,8.080499649,48.77939987,408,EU,DE,DE-BW,Baden-Baden,EDSB,FKB,,
EETN,large_airport,Lennart Meri Tallinn Airport,24.83279991,59.41329956,131,EU,EE,EE-37,Tallinn,EETN,TLL,,
EFHK,large_airport,Helsinki Vantaa Airport,24.9633007,60.31719971,179,EU,FI,FI-ES,Helsinki,EFHK,HEL,,
EGAA,large_airport,Belfast International Airport,-6.215829849,54.65750122,268,EU,GB,GB-NIR,Belfast,EGAA,BFS,,
EGAC,large_airport,George Best Belfast City Airport,-5.872499943,54.61809921,15,EU,GB,GB-NIR,Belfast,EGAC,BHD,,
EGBB,large_airport,Birmingham International Airport,-1.748029947,52.45389938,327,EU,GB,GB-ENG,Birmingham,EGBB,BHX,,
EGCC,large_airport,Manchester Airport,-2.274950027,53.35369873,257,EU,GB,GB-ENG,Manchester,EGCC,MAN,,
EGCN,large_airport,Robin Hood Doncaster Sheffield Airport,-1.010656357,53.48053781,55,EU,GB,GB-ENG,Doncaster,EGCN,DSA,,
EGFF,large_airport,Cardiff International Airport,-3.343329906,51.39670181,220,EU,GB,GB-WLS,Cardiff,EGFF,CWL,,
EGGD,large_airport,Bristol Airport,-2.71909,51.382702,622,EU,GB,GB-ENG,Bristol,EGGD,BRS,,
EGGP,large_airport,Liverpool John Lennon Airport,-2.849720001,53.33359909,80,EU,GB,GB-ENG,Liverpool,EGGP,LPL,,
EGGW,large_airport,London Luton Airport,-0.368333012,51.87469864,526,EU,GB,GB-ENG,London,EGGW,LTN,,
EGHH,large_airport,Bournemouth Airport,-1.842499971,50.77999878,38,EU,GB,GB-ENG,Bournemouth,EGHH,BOH,,
EGHI,large_airport,Southampton Airport,-1.35679996,50.95029831,44,EU,GB,GB-ENG,Southampton,EGHI,SOU,,
EGKK,large_airport,London Gatwick Airport,-0.190277994,51.14810181,202,EU,GB,GB-ENG,London,EGKK,LGW,,
EGLL,large_airport,London Heathrow Airport,-0.461941,51.4706,83,EU,GB,GB-ENG,London,EGLL,LHR,,
EGNM,large_airport,Leeds Bradford Airport,-1.660570025,53.86589813,681,EU,GB,GB-ENG,Leeds,EGNM,LBA,,
EGNT,large_airport,Newcastle Airport,-1.691669941,55.03749847,266,EU,GB,GB-ENG,Newcastle,EGNT,NCL,,
EGNX,large_airport,East Midlands Airport,-1.328060031,52.83110046,306,EU,GB,GB-ENG,Nottingham,EGNX,EMA,,
EGPD,large_airport,Aberdeen Dyce Airport,-2.197779894,57.20190048,215,EU,GB,GB-SCT,Aberdeen,EGPD,ABZ,,
EGPF,large_airport,Glasgow International Airport,-4.433060169,55.87189865,26,EU,GB,GB-SCT,Glasgow,EGPF,GLA,,
EGPH,large_airport,Edinburgh Airport,-3.372499943,55.95000076,135,EU,GB,GB-SCT,Edinburgh,EGPH,EDI,,
EGSH,large_airport,Norwich International Airport,1.282780051,52.67580032,117,EU,GB,GB-ENG,Norwich,EGSH,NWI,,
EGSS,large_airport,London Stansted Airport,0.234999999,51.88499832,348,EU,GB,GB-ENG,London,EGSS,STN,,
EGTE,large_airport,Exeter International Airport,-3.413889885,50.7344017,102,EU,GB,GB-ENG,Exeter,EGTE,EXT,,
EGUL,large_airport,RAF Lakenheath,0.56099999,52.40930176,32,EU,GB,GB-ENG,Lakenheath,EGUL,LKZ,,
EGUN,large_airport,RAF Mildenhall,0.486405998,52.36190033,33,EU,GB,GB-ENG,Mildenhall,EGUN,MHZ,,
EGVA,large_airport,RAF Fairford,-1.790030003,51.68220139,286,EU,GB,GB-ENG,Fairford,EGVA,FFD,,
EGVN,large_airport,RAF Brize Norton,-1.58362,51.75,288,EU,GB,GB-ENG,Brize Norton,EGVN,BZZ,,
EHAM,large_airport,Amsterdam Airport Schiphol,4.76388979,52.30860138,-11,EU,NL,NL-NH,Amsterdam,EHAM,AMS,,
EHBK,large_airport,Maastricht Aachen Airport,5.770140171,50.9117012,375,EU,NL,NL-LI,Maastricht,EHBK,MST,,
EHEH,large_airport,Eindhoven Airport,5.374529839,51.45009995,74,EU,NL,NL-NB,Eindhoven,EHEH,EIN,,
EICK,large_airport,Cork Airport,-8.491109848,51.84130096,502,EU,IE,IE-C,Cork,EICK,ORK,,
EIDW,large_airport,Dublin Airport,-6.270070076,53.42129898,242,EU,IE,IE-D,Dublin,EIDW,DUB,,
EINN,large_airport,Shannon Airport,-8.924819946,52.70199966,46,EU,IE,IE-CE,Limerick,EINN,SNN,,
EKBI,large_airport,Billund Airport,9.151780128,55.74029922,247,EU,DK,DK-83,Billund,EKBI,BLL,,
EKCH,large_airport,Copenhagen Kastrup Airport,12.65600014,55.61790085,17,EU,DK,DK-84,Copenhagen,EKCH,CPH,,
EKYT,large_airport,Aalborg Airport,9.849243164,57.09275891,10,EU,DK,DK-81,Aalborg,EKYT,AAL,,
ELLX,large_airport,Luxembourg-Findel International Airport,6.2044444,49.6233333,1234,EU,LU,LU-L,Luxembourg,ELLX,LUX,,
ENBO,large_airport,BodÃ¸ Airport,14.36530018,67.26920319,42,EU,NO,NO-18,BodÃ¸,ENBO,BOO,,
ENBR,large_airport,Bergen Airport Flesland,5.218140125,60.29339981,170,EU,NO,NO-12,Bergen,ENBR,BGO,,
ENGM,large_airport,Oslo Gardermoen Airport,11.10039997,60.19390106,681,EU,NO,NO-02,Oslo,ENGM,OSL,,
ENTC,large_airport,TromsÃ¸ Airport,18.91889954,69.6832962,31,EU,NO,NO-19,TromsÃ¸,ENTC,TOS,,
ENVA,large_airport,Trondheim Airport VÃ¦rnes,10.9239998,63.4578018,56,EU,NO,NO-17,Trondheim,ENVA,TRD,,
ENZV,large_airport,Stavanger Airport Sola,5.63778019,58.87670135,29,EU,NO,NO-11,Stavanger,ENZV,SVG,,
EPGD,large_airport,GdaÅ„sk Lech WaÅ‚Ä™sa Airport,18.46619987,54.37760162,489,EU,PL,PL-PM,GdaÅ„sk,EPGD,GDN,,
EPKK,large_airport,John Paul II International Airport KrakÃ³w-Balice Airport,19.78479958,50.07770157,791,EU,PL,PL-MA,KrakÃ³w,EPKK,KRK,,
EPKT,large_airport,Katowice International Airport,19.08,50.4743,995,EU,PL,PL-SL,Katowice,EPKT,KTW,,
EPMO,large_airport,Modlin Airport,20.65180016,52.4510994,341,EU,PL,PL-MZ,Warsaw,EPMO,WMI,,
EPPO,large_airport,PoznaÅ„-Åawica Airport,16.82629967,52.42100143,308,EU,PL,PL-WP,PoznaÅ„,EPPO,POZ,,
EPWA,large_airport,Warsaw Chopin Airport,20.96710014,52.16569901,362,EU,PL,PL-MZ,Warsaw,EPWA,WAW,,
EPWR,large_airport,Copernicus WrocÅ‚aw Airport,16.88579941,51.10269928,404,EU,PL,PL-DS,WrocÅ‚aw,EPWR,WRO,,
ESGG,large_airport,Gothenburg-Landvetter Airport,12.27980042,57.66279984,506,EU,SE,SE-Q,Gothenburg,ESGG,GOT,,
ESMS,large_airport,MalmÃ¶ Sturup Airport,13.37619781,55.53630536,236,EU,SE,SE-M,MalmÃ¶,ESMS,MMX,,
ESPA,large_airport,LuleÃ¥ Airport,22.12199974,65.54380035,65,EU,SE,SE-BD,LuleÃ¥,ESPA,LLA,,
ESSA,large_airport,Stockholm-Arlanda Airport,17.91860008,59.65190125,137,EU,SE,SE-AB,Stockholm,ESSA,ARN,,
ETAR,large_airport,Ramstein Air Base,7.600279808,49.43690109,776,EU,DE,DE-RP,Ramstein,ETAR,RMS,,
EVRA,large_airport,Riga International Airport,23.97109985,56.92359924,36,EU,LV,LV-RIX,Riga,EVRA,RIX,,
EYVI,large_airport,Vilnius International Airport,25.285801,54.634102,648,EU,LT,LT-VL,Vilnius,EYVI,VNO,,
FACT,large_airport,Cape Town International Airport,18.60169983,-33.96480179,151,AF,ZA,ZA-WC,Cape Town,FACT,CPT,,
FAGG,large_airport,George Airport,22.37890053,-34.00559998,648,AF,ZA,ZA-WC,George,FAGG,GRJ,,
FAJS,large_airport,OR Tambo International Airport,28.246,-26.1392,5558,AF,ZA,ZA-GT,Johannesburg,FAOR,JNB,FAOR,
FALE,large_airport,King Shaka International Airport,31.11972222,-29.61444444,295,AF,ZA,ZA-NL,Durban,FALE,DUR,,
FIMR,large_airport,Sir Charles Gaetan Duval Airport,63.361,-19.7577,95,AF,MU,MU-VP,Port Mathurin,FIMR,RRG,,
FLLS,large_airport,Kenneth Kaunda International Airport Lusaka,28.45260048,-15.33080006,3779,AF,ZM,ZM-09,Lusaka,FLKK,LUN,,
GB-0458,large_airport,[Duplicate] Pic,-4.586792,55.505694,,EU,GB,GB-SCT,Prestwick,,,,
GCLP,large_airport,Gran Canaria Airport,-15.38659954,27.93190002,78,EU,ES,ES-CN,Gran Canaria Island,GCLP,LPA,,
GCTS,large_airport,Tenerife South Airport,-16.57250023,28.04450035,209,EU,ES,ES-CN,Tenerife Island,GCTS,TFS,,
GCXO,large_airport,Tenerife Norte Airport,-16.34149933,28.48270035,2076,EU,ES,ES-CN,Tenerife Island,GCXO,TFN,,
GMMN,large_airport,Mohammed V International Airport,-7.589970112,33.36750031,656,AF,MA,MA-CAS,Casablanca,GMMN,CMN,,
GOBD,large_airport,Diass-Thies Blaise Diagne International Airport,-17.07333333,14.67,290,AF,SN,SN-DK,Dakar,GOBD,DSS,,
GOOY,large_airport,LÃ©opold SÃ©dar Senghor International Airport,-17.49020004,14.73970032,85,AF,SN,SN-DK,Dakar,GOOY,DKR,,
GQNO,large_airport,Nouakchottâ€“Oumtounsy International Airport,-15.9697222,18.31,9,AF,MR,MR-NKC,Nouakchott,GQNO,NKC,,
HAAB,large_airport,Addis Ababa Bole International Airport,38.79930115,8.977890015,7630,AF,ET,ET-AA,Addis Ababa,HAAB,ADD,,
HECA,large_airport,Cairo International Airport,31.40559959,30.12190056,382,AF,EG,EG-C,Cairo,HECA,CAI,,
HEGN,large_airport,Hurghada International Airport,33.79940033,27.17830086,52,AF,EG,EG-BA,Hurghada,HEGN,HRG,,
HELX,large_airport,Luxor International Airport,32.7066,25.671,294,AF,EG,EG-KN,Luxor,HELX,LXR,,
HKJK,large_airport,Jomo Kenyatta International Airport,36.92779922,-1.319239974,5330,AF,KE,KE-110,Nairobi,HKJK,NBO,,
HKMO,large_airport,Mombasa Moi International Airport,39.59420013,-4.034830093,200,AF,KE,KE-300,Mombasa,HKMO,MBA,,
HLLT,large_airport,Tripoli International Airport,13.1590004,32.66350174,263,AF,LY,LY-TB,Tripoli,HLLT,TIP,,
HSSJ,large_airport,Juba International Airport,31.60110092,4.872010231,1513,AF,SS,SS-17,Juba,HSSJ,JUB,,
HSSS,large_airport,Khartoum International Airport,32.55319977,15.58950043,1265,AF,SD,SD-03,Khartoum,HSSS,KRT,,
HTDA,large_airport,Julius Nyerere International Airport,39.202599,-6.87811,182,AF,TZ,TZ-02,Dar es Salaam,HTDA,DAR,,
ID-0017,large_airport,Sungai Siring International Airport,117.255556,-0.373611,82,AS,ID,ID-KI,Samarinda,,,,
KABQ,large_airport,Albuquerque International Sunport Airport,-106.609001,35.040199,5355,NA,US,US-NM,Albuquerque,KABQ,ABQ,ABQ,
KADW,large_airport,Andrews Air Force Base,-76.866997,38.810799,280,NA,US,US-MD,Camp Springs,KADW,ADW,ADW,
KAFW,large_airport,Fort Worth Alliance Airport,-97.31880188,32.98759842,722,NA,US,US-TX,Fort Worth,KAFW,AFW,AFW,
KAGS,large_airport,Augusta Regional At Bush Field,-81.96450043,33.36989975,144,NA,US,US-GA,Augusta,KAGS,AGS,AGS,
KAMA,large_airport,Rick Husband Amarillo International Airport,-101.706001,35.219398,3607,NA,US,US-TX,Amarillo,KAMA,AMA,AMA,
KATL,large_airport,Hartsfield Jackson Atlanta International Airport,-84.42810059,33.63669968,1026,NA,US,US-GA,Atlanta,KATL,ATL,ATL,
KAUS,large_airport,Austin Bergstrom International Airport,-97.66989899,30.19449997,542,NA,US,US-TX,Austin,KAUS,AUS,AUS,
KAVL,large_airport,Asheville Regional Airport,-82.54180145,35.43619919,2165,NA,US,US-NC,Asheville,KAVL,AVL,AVL,
KBAB,large_airport,Beale Air Force Base,-121.4369965,39.13610077,113,NA,US,US-CA,Marysville,KBAB,BAB,BAB,
KBAD,large_airport,Barksdale Air Force Base,-93.66269684,32.50180054,166,NA,US,US-LA,Bossier City,KBAD,BAD,BAD,
KBDL,large_airport,Bradley International Airport,-72.68319702,41.93889999,173,NA,US,US-CT,Hartford,KBDL,BDL,BDL,
KBFI,large_airport,Boeing Field King County International Airport,-122.302002,47.52999878,21,NA,US,US-WA,Seattle,KBFI,BFI,BFI,
KBGR,large_airport,Bangor International Airport,-68.82810211,44.80739975,192,NA,US,US-ME,Bangor,KBGR,BGR,BGR,
KBHM,large_airport,Birmingham-Shuttlesworth International Airport,-86.75350189,33.56290054,650,NA,US,US-AL,Birmingham,KBHM,BHM,BHM,
KBIL,large_airport,Billings Logan International Airport,-108.5429993,45.80770111,3652,NA,US,US-MT,Billings,KBIL,BIL,BIL,
KBLV,large_airport,Scott AFB/Midamerica Airport,-89.835197,38.5452,459,NA,US,US-IL,Belleville,KBLV,BLV,BLV,
KBMI,large_airport,Central Illinois Regional Airport at Bloomington-Normal,-88.91590118,40.47710037,871,NA,US,US-IL,Bloomington/Normal,KBMI,BMI,BMI,
KBNA,large_airport,Nashville International Airport,-86.67819977,36.12450027,599,NA,US,US-TN,Nashville,KBNA,BNA,BNA,
KBOI,large_airport,Boise Air Terminal/Gowen field,-116.2229996,43.56439972,2871,NA,US,US-ID,Boise,KBOI,BOI,BOI,
KBOS,large_airport,General Edward Lawrence Logan International Airport,-71.00520325,42.36429977,20,NA,US,US-MA,Boston,KBOS,BOS,BOS,
KBTR,large_airport,Baton Rouge Metropolitan, Ryan Field,-91.14959717,30.53319931,70,NA,US,US-LA,Baton Rouge,KBTR,BTR,BTR
KBUF,large_airport,Buffalo Niagara International Airport,-78.73220062,42.94049835,728,NA,US,US-NY,Buffalo,KBUF,BUF,BUF,
KBWI,large_airport,Baltimore/Washington International Thurgood Marshall Airport,-76.66829681,39.17539978,146,NA,US,US-MD,Baltimore,KBWI,BWI,BWI,
KCAE,large_airport,Columbia Metropolitan Airport,-81.11949921,33.93880081,236,NA,US,US-SC,Columbia,KCAE,CAE,CAE,
KCBM,large_airport,Columbus Air Force Base,-88.44380188,33.64379883,219,NA,US,US-MS,Columbus,KCBM,CBM,CBM,
KCHA,large_airport,Lovell Field,-85.20379639,35.03530121,683,NA,US,US-TN,Chattanooga,KCHA,CHA,CHA,
KCHS,large_airport,Charleston Air Force Base-International Airport,-80.04049683,32.89860153,46,NA,US,US-SC,Charleston,KCHS,CHS,CHS,
KCID,large_airport,The Eastern Iowa Airport,-91.71080017,41.88470078,869,NA,US,US-IA,Cedar Rapids,KCID,CID,CID,
KCLE,large_airport,Cleveland Hopkins International Airport,-81.84980011,41.4117012,791,NA,US,US-OH,Cleveland,KCLE,CLE,CLE,
KCLT,large_airport,Charlotte Douglas International Airport,-80.94309998,35.2140007,748,NA,US,US-NC,Charlotte,KCLT,CLT,CLT,
KCMH,large_airport,Port Columbus International Airport,-82.89189911,39.9980011,815,NA,US,US-OH,Columbus,KCMH,CMH,CMH,
KCOS,large_airport,City of Colorado Springs Municipal Airport,-104.7009964,38.80580139,6187,NA,US,US-CO,Colorado Springs,KCOS,COS,COS,
KCPR,large_airport,Casper-Natrona County International Airport,-106.4639969,42.90800095,5350,NA,US,US-WY,Casper,KCPR,CPR,CPR,
KCRP,large_airport,Corpus Christi International Airport,-97.50119781,27.77039909,44,NA,US,US-TX,Corpus Christi,KCRP,CRP,CRP,
KCRW,large_airport,Yeager Airport,-81.59320068,38.37310028,981,NA,US,US-WV,Charleston,KCRW,CRW,CRW,
KCVG,large_airport,Cincinnati Northern Kentucky International Airport,-84.6678009,39.04880142,896,NA,US,US-KY,Cincinnati,KCVG,CVG,CVG,
KCVS,large_airport,Cannon Air Force Base,-103.3219986,34.38280106,4295,NA,US,US-NM,Clovis,KCVS,CVS,CVS,
KDAB,large_airport,Daytona Beach International Airport,-81.058098,29.179899,34,NA,US,US-FL,Daytona Beach,KDAB,DAB,DAB,
KDAL,large_airport,Dallas Love Field,-96.851799,32.847099,487,NA,US,US-TX,Dallas,KDAL,DAL,DAL,
KDAY,large_airport,James M Cox Dayton International Airport,-84.2193985,39.90240097,1009,NA,US,US-OH,Dayton,KDAY,DAY,DAY,
KDBQ,large_airport,Dubuque Regional Airport,-90.70950317,42.40200043,1077,NA,US,US-IA,Dubuque,KDBQ,DBQ,DBQ,
KDCA,large_airport,Ronald Reagan Washington National Airport,-77.037697,38.8521,15,NA,US,US-DC,Washington,KDCA,DCA,DCA,
KDEN,large_airport,Denver International Airport,-104.6729965,39.86169815,5431,NA,US,US-CO,Denver,KDEN,DEN,DEN,
KDFW,large_airport,Dallas Fort Worth International Airport,-97.03800201,32.89680099,607,NA,US,US-TX,Dallas-Fort Worth,KDFW,DFW,DFW,
KDLF,large_airport,Laughlin Air Force Base,-100.7779999,29.35950089,1082,NA,US,US-TX,Del Rio,KDLF,DLF,DLF,
KDLH,large_airport,Duluth International Airport,-92.19360352,46.84209824,1428,NA,US,US-MN,Duluth,KDLH,DLH,DLH,
KDOV,large_airport,Dover Air Force Base,-75.46600342,39.12950134,24,NA,US,US-DE,Dover,KDOV,DOV,DOV,
KDSM,large_airport,Des Moines International Airport,-93.6631012,41.5340004,958,NA,US,US-IA,Des Moines,KDSM,DSM,DSM,
KDTW,large_airport,Detroit Metropolitan Wayne County Airport,-83.35340118,42.21239853,645,NA,US,US-MI,Detroit,KDTW,DTW,DTW,
KDYS,large_airport,Dyess Air Force Base,-99.854599,32.42079926,1789,NA,US,US-TX,Abilene,KDYS,DYS,DYS,
KEDW,large_airport,Edwards Air Force Base,-117.884003,34.905399,2312,NA,US,US-CA,Edwards,KEDW,EDW,EDW,
KEND,large_airport,Vance Air Force Base,-97.91649628,36.33919907,1307,NA,US,US-OK,Enid,KEND,END,END,
KERI,large_airport,Erie International Tom Ridge Field,-80.17386675,42.08312701,732,NA,US,US-PA,Erie,KERI,ERI,ERI,
KEWR,large_airport,Newark Liberty International Airport,-74.16870117,40.69250107,18,NA,US,US-NJ,Newark,KEWR,EWR,EWR,
KFFO,large_airport,Wright-Patterson Air Force Base,-84.0483017,39.8260994,823,NA,US,US-OH,Dayton,KFFO,FFO,FFO,
KFLL,large_airport,Fort Lauderdale Hollywood International Airport,-80.15270233,26.07259941,9,NA,US,US-FL,Fort Lauderdale,KFLL,FLL,FLL,
KFSM,large_airport,Fort Smith Regional Airport,-94.36740112,35.33660126,469,NA,US,US-AR,Fort Smith,KFSM,FSM,FSM,
KFTW,large_airport,Fort Worth Meacham International Airport,-97.362396,32.819801,710,NA,US,US-TX,Fort Worth,KFTW,FTW,FTW,
KFWA,large_airport,Fort Wayne International Airport,-85.19509888,40.97850037,814,NA,US,US-IN,Fort Wayne,KFWA,FWA,FWA,
KGEG,large_airport,Spokane International Airport,-117.5339966,47.61989975,2376,NA,US,US-WA,Spokane,KGEG,GEG,GEG,
KGPT,large_airport,Gulfport Biloxi International Airport,-89.07009888,30.40730095,28,NA,US,US-MS,Gulfport,KGPT,GPT,GPT,
KGRB,large_airport,Austin Straubel International Airport,-88.12960052,44.48509979,695,NA,US,US-WI,Green Bay,KGRB,GRB,GRB,
KGSB,large_airport,Seymour Johnson Air Force Base,-77.96060181,35.33940125,109,NA,US,US-NC,Goldsboro,KGSB,GSB,GSB,
KGSO,large_airport,Piedmont Triad International Airport,-79.93730164,36.09780121,925,NA,US,US-NC,Greensboro,KGSO,GSO,GSO,
KGSP,large_airport,Greenville Spartanburg International Airport,-82.21890259,34.89569855,964,NA,US,US-SC,Greenville,KGSP,GSP,GSP,
KGUS,large_airport,Grissom Air Reserve Base,-86.15209961,40.64810181,812,NA,US,US-IN,Peru,KGUS,GUS,GUS,
KHIB,large_airport,Range Regional Airport,-92.83899689,47.38660049,1354,NA,US,US-MN,Hibbing,KHIB,HIB,HIB,
KHMN,large_airport,Holloman Air Force Base,-106.1070023,32.85250092,4093,NA,US,US-NM,Alamogordo,KHMN,HMN,HMN,
KHOU,large_airport,William P Hobby Airport,-95.27890015,29.64539909,46,NA,US,US-TX,Houston,KHOU,HOU,HOU,
KHSV,large_airport,Huntsville International Carl T Jones Field,-86.77510071,34.6371994,629,NA,US,US-AL,Huntsville,KHSV,HSV,HSV,
KHTS,large_airport,Tri-State/Milton J. Ferguson Field,-82.55799866,38.36669922,828,NA,US,US-WV,Huntington,KHTS,HTS,HTS,
KIAD,large_airport,Washington Dulles International Airport,-77.45580292,38.94449997,312,NA,US,US-DC,Washington,KIAD,IAD,IAD,
KIAH,large_airport,George Bush Intercontinental Houston Airport,-95.34140015,29.9843998,97,NA,US,US-TX,Houston,KIAH,IAH,IAH,
KICT,large_airport,Wichita Mid Continent Airport,-97.43309784,37.64989853,1333,NA,US,US-KS,Wichita,KICT,ICT,ICT,
KIND,large_airport,Indianapolis International Airport,-86.294403,39.7173,797,NA,US,US-IN,Indianapolis,KIND,IND,IND,
KJAN,large_airport,Jackson-Medgar Wiley Evers International Airport,-90.07589722,32.31119919,346,NA,US,US-MS,Jackson,KJAN,JAN,JAN,
KJAX,large_airport,Jacksonville International Airport,-81.68789673,30.49410057,30,NA,US,US-FL,Jacksonville,KJAX,JAX,JAX,
KJFK,large_airport,John F Kennedy International Airport,-73.77890015,40.63980103,13,NA,US,US-NY,New York,KJFK,JFK,JFK,
KJLN,large_airport,Joplin Regional Airport,-94.49829865,37.15179825,981,NA,US,US-MO,Joplin,KJLN,JLN,JLN,
KLAS,large_airport,McCarran International Airport,-115.1520004,36.08010101,2181,NA,US,US-NV,Las Vegas,KLAS,LAS,LAS,
KLAX,large_airport,Los Angeles International Airport,-118.4079971,33.94250107,125,NA,US,US-CA,Los Angeles,KLAX,LAX,LAX,
KLBB,large_airport,Lubbock Preston Smith International Airport,-101.822998,33.663601,3282,NA,US,US-TX,Lubbock,KLBB,LBB,LBB,
KLCK,large_airport,Rickenbacker International Airport,-82.927803,39.813801,744,NA,US,US-OH,Columbus,KLCK,LCK,LCK,
KLEX,large_airport,Blue Grass Airport,-84.60590363,38.03649902,979,NA,US,US-KY,Lexington,KLEX,LEX,LEX,
KLFI,large_airport,Langley Air Force Base,-76.36049652,37.082901,11,NA,US,US-VA,Hampton,KLFI,LFI,LFI,
KLFT,large_airport,Lafayette Regional Airport,-91.98760223,30.20529938,42,NA,US,US-LA,Lafayette,KLFT,LFT,LFT,
KLGA,large_airport,La Guardia Airport,-73.87259674,40.77719879,21,NA,US,US-NY,New York,KLGA,LGA,LGA,
KLIT,large_airport,Bill & Hillary Clinton National Airport/Adams Field,-92.22429657,34.72940063,262,NA,US,US-AR,Little Rock,KLIT,LIT,LIT,
KLTS,large_airport,Altus Air Force Base,-99.26670074,34.667099,1382,NA,US,US-OK,Altus,KLTS,LTS,LTS,
KLUF,large_airport,Luke Air Force Base,-112.3830032,33.53499985,1085,NA,US,US-AZ,Glendale,KLUF,LUF,LUF,
KMBS,large_airport,MBS International Airport,-84.07959747,43.53290176,668,NA,US,US-MI,Saginaw,KMBS,MBS,MBS,
KMCF,large_airport,Mac Dill Air Force Base,-82.52120209,27.84930038,14,NA,US,US-FL,Tampa,KMCF,MCF,MCF,
KMCI,large_airport,Kansas City International Airport,-94.713898,39.2976,1026,NA,US,US-MO,Kansas City,KMCI,MCI,MCI,
KMCO,large_airport,Orlando International Airport,-81.30899811,28.42939949,96,NA,US,US-FL,Orlando,KMCO,MCO,MCO,
KMDW,large_airport,Chicago Midway International Airport,-87.75240326,41.7859993,620,NA,US,US-IL,Chicago,KMDW,MDW,MDW,
KMEM,large_airport,Memphis International Airport,-89.97669983,35.04240036,341,NA,US,US-TN,Memphis,KMEM,MEM,MEM,
KMGE,large_airport,Dobbins Air Reserve Base,-84.51629639,33.91540146,1068,NA,US,US-GA,Marietta,KMGE,MGE,MGE,
KMGM,large_airport,Montgomery Regional (Dannelly Field) Airport,-86.39399719,32.30059814,221,NA,US,US-AL,Montgomery,KMGM,MGM,MGM,
KMHT,large_airport,Manchester Airport,-71.43569946,42.93259811,266,NA,US,US-NH,Manchester,KMHT,MHT,MHT,
KMIA,large_airport,Miami International Airport,-80.29060364,25.79319954,8,NA,US,US-FL,Miami,KMIA,MIA,MIA,
KMKE,large_airport,General Mitchell International Airport,-87.89659882,42.94720078,723,NA,US,US-WI,Milwaukee,KMKE,MKE,MKE,
KMLI,large_airport,Quad City International Airport,-90.50749969,41.44850159,590,NA,US,US-IL,Moline,KMLI,MLI,MLI,
KMLU,large_airport,Monroe Regional Airport,-92.03769684,32.51089859,79,NA,US,US-LA,Monroe,KMLU,MLU,MLU,
KMOB,large_airport,Mobile Regional Airport,-88.24279785,30.69120026,219,NA,US,US-AL,Mobile,KMOB,MOB,MOB,
KMSN,large_airport,Dane County Regional Truax Field,-89.33750153,43.13990021,887,NA,US,US-WI,Madison,KMSN,MSN,MSN,
KMSP,large_airport,Minneapolis-St Paul International/Wold-Chamberlain Airport,-93.22180176,44.88199997,841,NA,US,US-MN,Minneapolis,KMSP,MSP,MSP,
KMSY,large_airport,Louis Armstrong New Orleans International Airport,-90.25800323,29.99340057,4,NA,US,US-LA,New Orleans,KMSY,MSY,MSY,
KMUO,large_airport,Mountain Home Air Force Base,-115.872002,43.043598,2996,NA,US,US-ID,Mountain Home,KMUO,MUO,MUO,
KOAK,large_airport,Metropolitan Oakland International Airport,-122.221001,37.721298,9,NA,US,US-CA,Oakland,KOAK,OAK,OAK,
KOKC,large_airport,Will Rogers World Airport,-97.60070038,35.39310074,1295,NA,US,US-OK,Oklahoma City,KOKC,OKC,OKC,
KONT,large_airport,Ontario International Airport,-117.6009979,34.05599976,944,NA,US,US-CA,Ontario,KONT,ONT,ONT,
KORD,large_airport,Chicago O'Hare International Airport,-87.90480042,41.97859955,672,NA,US,US-IL,Chicago,KORD,ORD,ORD,
KORF,large_airport,Norfolk International Airport,-76.20120239,36.89459991,26,NA,US,US-VA,Norfolk,KORF,ORF,ORF,
KPAM,large_airport,Tyndall Air Force Base,-85.57540131,30.06959915,17,NA,US,US-FL,Panama City,KPAM,PAM,PAM,
KPBI,large_airport,Palm Beach International Airport,-80.09559631,26.68320084,19,NA,US,US-FL,West Palm Beach,KPBI,PBI,PBI,
KPDX,large_airport,Portland International Airport,-122.5979996,45.58869934,31,NA,US,US-OR,Portland,KPDX,PDX,PDX,
KPHF,large_airport,Newport News Williamsburg International Airport,-76.49299622,37.13190079,42,NA,US,US-VA,Newport News,KPHF,PHF,PHF,
KPHL,large_airport,Philadelphia International Airport,-75.2410965,39.87189865,36,NA,US,US-PA,Philadelphia,KPHL,PHL,PHL,
KPHX,large_airport,Phoenix Sky Harbor International Airport,-112.012001,33.43429947,1135,NA,US,US-AZ,Phoenix,KPHX,PHX,PHX,
KPIA,large_airport,General Wayne A. Downing Peoria International Airport,-89.69329834,40.66419983,660,NA,US,US-IL,Peoria,KPIA,PIA,PIA,
KPIT,large_airport,Pittsburgh International Airport,-80.23290253,40.49150085,1203,NA,US,US-PA,Pittsburgh,KPIT,PIT,PIT,
KPWM,large_airport,Portland International Jetport Airport,-70.30930328,43.64619827,76,NA,US,US-ME,Portland,KPWM,PWM,PWM,
KRDU,large_airport,Raleigh Durham International Airport,-78.78749847,35.87760162,435,NA,US,US-NC,Raleigh/Durham,KRDU,RDU,RDU,
KRFD,large_airport,Chicago Rockford International Airport,-89.09719849,42.19540024,742,NA,US,US-IL,Chicago/Rockford,KRFD,RFD,RFD,
KRIC,large_airport,Richmond International Airport,-77.31970215,37.50519943,167,NA,US,US-VA,Richmond,KRIC,RIC,RIC,
KRND,large_airport,Randolph Air Force Base,-98.27890015,29.52969933,761,NA,US,US-TX,Universal City,KRND,RND,RND,
KRNO,large_airport,Reno Tahoe International Airport,-119.7679977,39.49909973,4415,NA,US,US-NV,Reno,KRNO,RNO,RNO,
KROA,large_airport,Roanokeâ€“Blacksburg Regional Airport,-79.975403,37.3255,1175,NA,US,US-VA,Roanoke,KROA,ROA,ROA,
KROC,large_airport,Greater Rochester International Airport,-77.67240143,43.1189003,559,NA,US,US-NY,Rochester,KROC,ROC,ROC,
KRST,large_airport,Rochester International Airport,-92.5,43.90829849,1317,NA,US,US-MN,Rochester,KRST,RST,RST,
KRSW,large_airport,Southwest Florida International Airport,-81.75520325,26.53619957,30,NA,US,US-FL,Fort Myers,KRSW,RSW,RSW,
KSAN,large_airport,San Diego International Airport,-117.1900024,32.73360062,17,NA,US,US-CA,San Diego,KSAN,SAN,SAN,
KSAT,large_airport,San Antonio International Airport,-98.46980286,29.53370094,809,NA,US,US-TX,San Antonio,KSAT,SAT,SAT,
KSAV,large_airport,Savannah Hilton Head International Airport,-81.20210266,32.12760162,50,NA,US,US-GA,Savannah,KSAV,SAV,SAV,
KSBN,large_airport,South Bend Regional Airport,-86.31729889,41.70869827,799,NA,US,US-IN,South Bend,KSBN,SBN,SBN,
KSDF,large_airport,Louisville International Standiford Field,-85.736,38.1744,501,NA,US,US-KY,Louisville,KSDF,SDF,SDF,
KSEA,large_airport,Seattle Tacoma International Airport,-122.3089981,47.44900131,433,NA,US,US-WA,Seattle,KSEA,SEA,SEA,
KSFB,large_airport,Orlando Sanford International Airport,-81.23750305,28.77759933,55,NA,US,US-FL,Orlando,KSFB,SFB,SFB,
KSFO,large_airport,San Francisco International Airport,-122.375,37.61899948,13,NA,US,US-CA,San Francisco,KSFO,SFO,SFO,
KSGF,large_airport,Springfield Branson National Airport,-93.38860321,37.24570084,1268,NA,US,US-MO,Springfield,KSGF,SGF,SGF,
KSHV,large_airport,Shreveport Regional Airport,-93.82559967,32.44660187,258,NA,US,US-LA,Shreveport,KSHV,SHV,SHV,
KSJC,large_airport,Norman Y. Mineta San Jose International Airport,-121.929001,37.362598,62,NA,US,US-CA,San Jose,KSJC,SJC,SJC,
KSKA,large_airport,Fairchild Air Force Base,-117.6559982,47.61510086,2461,NA,US,US-WA,Spokane,KSKA,SKA,SKA,
KSLC,large_airport,Salt Lake City International Airport,-111.9779968,40.78839874,4227,NA,US,US-UT,Salt Lake City,KSLC,SLC,SLC,
KSMF,large_airport,Sacramento International Airport,-121.5910034,38.69540024,27,NA,US,US-CA,Sacramento,KSMF,SMF,SMF,
KSNA,large_airport,John Wayne Airport-Orange County Airport,-117.8679962,33.67570114,56,NA,US,US-CA,Santa Ana,KSNA,SNA,SNA,
KSPI,large_airport,Abraham Lincoln Capital Airport,-89.67790222,39.84410095,598,NA,US,US-IL,Springfield,KSPI,SPI,SPI,
KSPS,large_airport,Sheppard Air Force Base-Wichita Falls Municipal Airport,-98.491898,33.9888,1019,NA,US,US-TX,Wichita Falls,KSPS,SPS,SPS,
KSRQ,large_airport,Sarasota Bradenton International Airport,-82.55439758,27.39539909,30,NA,US,US-FL,Sarasota/Bradenton,KSRQ,SRQ,SRQ,
KSSC,large_airport,Shaw Air Force Base,-80.47059631,33.97269821,241,NA,US,US-SC,Sumter,KSSC,SSC,SSC,
KSTL,large_airport,St Louis Lambert International Airport,-90.370003,38.748697,618,NA,US,US-MO,St Louis,KSTL,STL,STL,
KSUS,large_airport,Spirit of St Louis Airport,-90.65200043,38.66210175,463,NA,US,US-MO,St Louis,KSUS,SUS,SUS,
KSUU,large_airport,Travis Air Force Base,-121.927002,38.26269913,62,NA,US,US-CA,Fairfield,KSUU,SUU,SUU,
KSUX,large_airport,Sioux Gateway Col. Bud Day Field,-96.38439941,42.40259933,1098,NA,US,US-IA,Sioux City,KSUX,SUX,SUX,
KSYR,large_airport,Syracuse Hancock International Airport,-76.10630035,43.11119843,421,NA,US,US-NY,Syracuse,KSYR,SYR,SYR,
KSZL,large_airport,Whiteman Air Force Base,-93.54789734,38.7303009,870,NA,US,US-MO,Knob Noster,KSZL,SZL,SZL,
KTCM,large_airport,McChord Air Force Base,-122.4759979,47.13769913,322,NA,US,US-WA,Tacoma,KTCM,TCM,TCM,
KTIK,large_airport,Tinker Air Force Base,-97.38659668,35.41469955,1291,NA,US,US-OK,Oklahoma City,KTIK,TIK,TIK,
KTLH,large_airport,Tallahassee Regional Airport,-84.35030365,30.39649963,81,NA,US,US-FL,Tallahassee,KTLH,TLH,TLH,
KTOL,large_airport,Toledo Express Airport,-83.80780029,41.58679962,683,NA,US,US-OH,Toledo,KTOL,TOL,TOL,
KTPA,large_airport,Tampa International Airport,-82.53320313,27.97550011,26,NA,US,US-FL,Tampa,KTPA,TPA,TPA,
KTRI,large_airport,Tri-Cities Regional TN/VA Airport,-82.407401,36.475201,1519,NA,US,US-TN,Bristol/Johnson/Kingsport,KTRI,TRI,TRI,
KTUL,large_airport,Tulsa International Airport,-95.88809967,36.19839859,677,NA,US,US-OK,Tulsa,KTUL,TUL,TUL,
KTUS,large_airport,Tucson International Airport,-110.9410019,32.11610031,2643,NA,US,US-AZ,Tucson,KTUS,TUS,TUS,
KTYS,large_airport,McGhee Tyson Airport,-83.9940033,35.81100082,981,NA,US,US-TN,Knoxville,KTYS,TYS,TYS,
KVBG,large_airport,Vandenberg Air Force Base,-120.5839996,34.73730087,369,NA,US,US-CA,Lompoc,KVBG,VBG,VBG,
KVPS,large_airport,Destin-Ft Walton Beach Airport,-86.525398,30.4832,87,NA,US,US-FL,Valparaiso,KVPS,VPS,VPS,
KWRB,large_airport,Robins Air Force Base,-83.59190369,32.64009857,294,NA,US,US-GA,Warner Robins,KWRB,WRB,WRB,
LATI,large_airport,Tirana International Airport Mother Teresa,19.72060013,41.41469955,126,EU,AL,AL-11,Tirana,LATI,TIA,,
LBBG,large_airport,Burgas Airport,27.51519966,42.56959915,135,EU,BG,BG-02,Burgas,LBBG,BOJ,,
LBSF,large_airport,Sofia Airport,23.41143608,42.69669342,1742,EU,BG,BG-23,Sofia,LBSF,SOF,,
LBWN,large_airport,Varna Airport,27.8251,43.232101,230,EU,BG,BG-03,Varna,LBWN,VAR,,
LCLK,large_airport,Larnaca International Airport,33.62490082,34.87509918,8,AS,CY,CY-04,Larnarca,LCLK,LCA,,
LCPH,large_airport,Paphos International Airport,32.4856987,34.7179985,41,AS,CY,CY-06,Paphos,LCPH,PFO,,
LCRA,large_airport,RAF Akrotiri,32.9879,34.590401,76,EU,GB,GB-U-A,Akrotiri,LCRA,AKT,,
LDZA,large_airport,Zagreb Airport,16.06879997,45.74290085,353,EU,HR,HR-21,Zagreb,LDZA,ZAG,,
LEAL,large_airport,Alicante International Airport,-0.558156013,38.28219986,142,EU,ES,ES-V,Alicante,LEAL,ALC,,
LEBL,large_airport,Barcelona International Airport,2.078459978,41.29710007,12,EU,ES,ES-CT,Barcelona,LEBL,BCN,,
LEMD,large_airport,Adolfo SuÃ¡rez Madridâ€“Barajas Airport,-3.56264,40.471926,1998,EU,ES,ES-M,Madrid,LEMD,MAD,,
LEMG,large_airport,MÃ¡laga Airport,-4.499110222,36.67490005,53,EU,ES,ES-AN,MÃ¡laga,LEMG,AGP,,
LEPA,large_airport,Palma De Mallorca Airport,2.738810062,39.55170059,27,EU,ES,ES-PM,Palma De Mallorca,LEPA,PMI,,
LEST,large_airport,Santiago de Compostela Airport,-8.415140152,42.89630127,1213,EU,ES,ES-GA,Santiago de Compostela,LEST,SCQ,,
LFBD,large_airport,Bordeaux-MÃ©rignac Airport,-0.715556026,44.82830048,162,EU,FR,FR-B,Bordeaux/MÃ©rignac,LFBD,BOD,,
LFBO,large_airport,Toulouse-Blagnac Airport,1.36382,43.629101,499,EU,FR,FR-N,Toulouse/Blagnac,LFBO,TLS,,
LFML,large_airport,Marseille Provence Airport,5.221424103,43.43927192,74,EU,FR,FR-U,Marseille,LFML,MRS,,
LFMN,large_airport,Nice-CÃ´te d'Azur Airport,7.215869904,43.65840149,12,EU,FR,FR-U,Nice,LFMN,NCE,,
LFOA,large_airport,Avord (BA 702) Air Base,2.6325,47.053299,580,EU,FR,FR-F,Avord,LFOA,,,
LFPG,large_airport,Charles de Gaulle International Airport,2.549999952,49.01279831,392,EU,FR,FR-J,Paris,LFPG,CDG,,
LFPO,large_airport,Paris-Orly Airport,2.3794444,48.7233333,291,EU,FR,FR-J,Paris,LFPO,ORY,,
LFSB,large_airport,EuroAirport Basel-Mulhouse-Freiburg Airport,7.5291667,47.59,885,EU,FR,FR-A,BÃ¢le/Mulhouse,LFSB,BSL,,
LGAV,large_airport,Eleftherios Venizelos International Airport,23.94449997,37.93640137,308,EU,GR,GR-A1,Athens,LGAV,ATH,,
LGIR,large_airport,Heraklion International Nikos Kazantzakis Airport,25.18029976,35.33969879,115,EU,GR,GR-91,Heraklion,LGIR,HER,,
LGTS,large_airport,Thessaloniki Macedonia International Airport,22.97089958,40.5196991,22,EU,GR,GR-54,Thessaloniki,LGTS,SKG,,
LHBP,large_airport,Budapest Ferenc Liszt International Airport,19.25559998,47.43690109,495,EU,HU,HU-PE,Budapest,LHBP,BUD,,
LIBD,large_airport,Bari Karol WojtyÅ‚a Airport,16.760599,41.138901,177,EU,IT,IT-75,Bari,LIBD,BRI,BA02,
LICC,large_airport,Catania-Fontanarossa Airport,15.0664,37.466801,39,EU,IT,IT-82,Catania,LICC,CTA,CT03,
LICJ,large_airport,Falconeâ€“Borsellino Airport,13.091,38.175999,65,EU,IT,IT-82,Palermo,LICJ,PMO,PA03,
LIEE,large_airport,Cagliari Elmas Airport,9.05428,39.251499,13,EU,IT,IT-88,Cagliari,LIEE,CAG,CA07,
LIMC,large_airport,Malpensa International Airport,8.72811,45.6306,768,EU,IT,IT-25,Milan,LIMC,MXP,MI12,
LIME,large_airport,Il Caravaggio International Airport,9.70417,45.673901,782,EU,IT,IT-25,Bergamo,LIME,BGY,BG01,
LIMF,large_airport,Turin Airport,7.64963,45.200802,989,EU,IT,IT-21,Torino,LIMF,TRN,TO11,
LIMJ,large_airport,Genoa Cristoforo Colombo Airport,8.8375,44.4133,13,EU,IT,IT-42,Genova,LIMJ,GOA,GE01,
LIML,large_airport,Milano Linate Airport,9.27674,45.445099,353,EU,IT,IT-25,Milan,LIML,LIN,MI11,
LIPE,large_airport,Bologna Guglielmo Marconi Airport,11.2887,44.5354,123,EU,IT,IT-45,Bologna,LIPE,BLQ,BO08,
LIPH,large_airport,Treviso-Sant'Angelo Airport,12.1944,45.648399,59,EU,IT,IT-34,Treviso,LIPH,TSF,TV01,
LIPX,large_airport,Verona Villafranca Airport,10.8885,45.395699,239,EU,IT,IT-34,Verona,LIPX,VRN,VR10,
LIPZ,large_airport,Venice Marco Polo Airport,12.3519,45.505299,7,EU,IT,IT-34,Venice,LIPZ,VCE,VE05,
LIRA,large_airport,Ciampinoâ€“G. B. Pastine International Airport,12.5949,41.7994,427,EU,IT,IT-62,Rome,LIRA,CIA,RM12,
LIRF,large_airport,Leonardo da Vinciâ€“Fiumicino Airport,12.2388889,41.8002778,13,EU,IT,IT-62,Rome,LIRF,FCO,RM11,
LIRN,large_airport,Naples International Airport,14.2908,40.886002,294,EU,IT,IT-72,NÃ¡poli,LIRN,NAP,NA01,
LIRP,large_airport,Pisa International Airport,10.3927,43.683899,6,EU,IT,IT-52,Pisa,LIRP,PSA,PI05,
LJLJ,large_airport,Ljubljana JoÅ¾e PuÄnik Airport,14.4576,46.223701,1273,EU,SI,SI-061,Ljubljana,LJLJ,LJU,,
LKPR,large_airport,VÃ¡clav Havel Airport Prague,14.26,50.1008,1247,EU,CZ,CZ-PR,Prague,LKPR,PRG,,
LLBG,large_airport,Ben Gurion International Airport,34.88669968,32.01139832,135,AS,IL,IL-M,Tel Aviv,LLBG,TLV,,
LLOV,large_airport,Ovda International Airport,34.93579865,29.94029999,1492,AS,IL,IL-D,Eilat,LLOV,VDA,,
LMML,large_airport,Malta International Airport,14.4775,35.857498,300,EU,MT,MT-25,Valletta,LMML,MLA,,
LOWW,large_airport,Vienna International Airport,16.56970024,48.11029816,600,EU,AT,AT-9,Vienna,LOWW,VIE,,
LPFR,large_airport,Faro Airport,-7.965909958,37.01440048,24,EU,PT,PT-08,Faro,LPFR,FAO,,
LPLA,large_airport,Lajes Airport,-27.090799,38.761799,180,EU,PT,PT-20,Praia da VitÃ³ria,LPLA,TER,,
LPPD,large_airport,JoÃ£o Paulo II Airport,-25.69790077,37.74119949,259,EU,PT,PT-20,Ponta Delgada,LPPD,PDL,,
LPPR,large_airport,Francisco de SÃ¡ Carneiro Airport,-8.681389809,41.24810028,228,EU,PT,PT-13,Porto,LPPR,OPO,,
LPPT,large_airport,Lisbon Portela Airport,-9.135919571,38.78129959,374,EU,PT,PT-11,Lisbon,LPPT,LIS,,
LQSA,large_airport,Sarajevo International Airport,18.3314991,43.82460022,1708,EU,BA,BA-BIH,Sarajevo,LQSA,SJJ,,
LROP,large_airport,Henri CoandÄƒ International Airport,26.085,44.5711111,314,EU,RO,RO-B,Bucharest,LROP,OTP,,
LSGG,large_airport,Geneva Cointrin International Airport,6.108950138,46.23809814,1411,EU,CH,CH-GE,Geneva,LSGG,GVA,,
LSZH,large_airport,ZÃ¼rich Airport,8.54916954,47.46469879,1416,EU,CH,CH-ZH,Zurich,LSZH,ZRH,,
LTAC,large_airport,EsenboÄŸa International Airport,32.99509811,40.12810135,3125,AS,TR,TR-06,Ankara,LTAC,ESB,,
LTAF,large_airport,Adana Airport,35.28039932,36.98220062,65,AS,TR,TR-01,Adana,LTAF,ADA,,
LTAI,large_airport,Antalya International Airport,30.800501,36.898701,177,AS,TR,TR-07,Antalya,LTAI,AYT,,
LTAJ,large_airport,Gaziantep International Airport,37.47869873,36.94720078,2315,AS,TR,TR-27,Gaziantep,LTAJ,GZT,,
LTBA,large_airport,AtatÃ¼rk International Airport,28.81459999,40.97689819,163,EU,TR,TR-34,Istanbul,LTBA,IST,,
LTBJ,large_airport,Adnan Menderes International Airport,27.15699959,38.29240036,412,AS,TR,TR-35,Ä°zmir,LTBJ,ADB,,
LTBS,large_airport,Dalaman International Airport,28.79249954,36.71310043,20,AS,TR,TR-48,Dalaman,LTBS,DLM,,
LTCE,large_airport,Erzurum International Airport,41.17020035,39.95650101,5763,AS,TR,TR-25,Erzurum,LTCE,ERZ,,
LTCG,large_airport,Trabzon International Airport,39.78969955,40.99509811,104,AS,TR,TR-61,Trabzon,LTCG,TZX,,
LTFC,large_airport,SÃ¼leyman Demirel International Airport,30.36840057,37.85540009,2835,AS,TR,TR-32,Isparta,LTFC,ISE,,
LTFE,large_airport,Milas Bodrum International Airport,27.66430092,37.25059891,21,AS,TR,TR-48,Bodrum,LTFE,BJV,,
LTFJ,large_airport,Sabiha GÃ¶kÃ§en International Airport,29.30920029,40.89860153,312,AS,TR,TR-34,Istanbul,LTFJ,SAW,,
LYBE,large_airport,Belgrade Nikola Tesla Airport,20.3090992,44.81840134,335,EU,RS,RS-00,Belgrade,LYBE,BEG,,
LYPG,large_airport,Podgorica Airport,19.2519,42.359402,141,EU,ME,ME-16,Podgorica,LYPG,TGD,,
LZIB,large_airport,M. R. Å tefÃ¡nik Airport,17.21269989,48.17020035,436,EU,SK,SK-BL,Bratislava,LZIB,BTS,,
MDPC,large_airport,Punta Cana International Airport,-68.36340332,18.56739998,47,NA,DO,DO-11,Punta Cana,MDPC,PUJ,,
MDSD,large_airport,Las AmÃ©ricas International Airport,-69.66889954,18.42970085,59,NA,DO,DO-01,Santo Domingo,MDSD,SDQ,,
MKJP,large_airport,Norman Manley International Airport,-76.78749847,17.93569946,10,NA,JM,JM-01,Kingston,MKJP,KIN,,
MMAA,large_airport,General Juan N Alvarez International Airport,-99.7539978,16.75709915,16,NA,MX,MX-GRO,Acapulco,MMAA,ACA,,
MMGL,large_airport,Don Miguel Hidalgo Y Costilla International Airport,-103.310997,20.52179909,5016,NA,MX,MX-JAL,Guadalajara,MMGL,GDL,,
MMHO,large_airport,General Ignacio P. Garcia International Airport,-111.0479965,29.09589958,627,NA,MX,MX-SON,Hermosillo,MMHO,HMO,,
MMMX,large_airport,Licenciado Benito Juarez International Airport,-99.072098,19.4363,7316,NA,MX,MX-DIF,Mexico City,MMMX,MEX,AICM,
MMMY,large_airport,General Mariano Escobedo International Airport,-100.1070023,25.7784996,1278,NA,MX,MX-NLE,Monterrey,MMMY,MTY,,
MMPR,large_airport,Licenciado Gustavo DÃ­az Ordaz International Airport,-105.2539978,20.68009949,23,NA,MX,MX-JAL,Puerto Vallarta,MMPR,PVR,,
MMSD,large_airport,Los Cabos International Airport,-109.7210007,23.15180016,374,NA,MX,MX-BCS,San JosÃ© del Cabo,MMSD,SJD,,
MMTJ,large_airport,General Abelardo L. RodrÃ­guez International Airport,-116.9700012,32.54109955,489,NA,MX,MX-BCN,Tijuana,MMTJ,TIJ,,
MMUN,large_airport,CancÃºn International Airport,-86.87709808,21.03650093,22,NA,MX,MX-ROO,CancÃºn,MMUN,CUN,,
MPTO,large_airport,Tocumen International Airport,-79.38349915,9.071359634,135,NA,PA,PA-8,Tocumen,MPTO,PTY,,
MSLP,large_airport,MonseÃ±or Ã“scar Arnulfo Romero International Airport,-89.055702,13.4409,101,NA,SV,SV-PA,San Salvador (San Luis Talpa),MSLP,SAL,,
MUHA,large_airport,JosÃ© MartÃ­ International Airport,-82.40910339,22.98920059,210,NA,CU,CU-03,Havana,MUHA,HAV,,
MUVR,large_airport,Juan Gualberto Gomez International Airport,-81.43530273,23.03440094,210,NA,CU,CU-04,Varadero,MUVR,VRA,,
MWCR,large_airport,Owen Roberts International Airport,-81.35769653,19.2928009,8,NA,KY,KY-U-A,Georgetown,MWCR,GCM,,
MYNN,large_airport,Lynden Pindling International Airport,-77.46620178,25.03899956,16,NA,BS,BS-NP,Nassau,MYNN,NAS,,
MZBZ,large_airport,Philip S. W. Goldson International Airport,-88.30819702,17.53910065,15,NA,BZ,BZ-BZ,Belize City,MZBZ,BZE,,
NCRG,large_airport,Rarotonga International Airport,-159.8059998,-21.20269966,19,OC,CK,CK-U-A,Avarua,NCRG,RAR,,
NZAA,large_airport,Auckland International Airport,174.7920074,-37.0080986,23,OC,NZ,NZ-AUK,Auckland,NZAA,AKL,,
NZCH,large_airport,Christchurch International Airport,172.5319977,-43.48939896,123,OC,NZ,NZ-CAN,Christchurch,NZCH,CHC,,
NZWN,large_airport,Wellington International Airport,174.8049927,-41.32720184,41,OC,NZ,NZ-WGN,Wellington,NZWN,WLG,,
OBBI,large_airport,Bahrain International Airport,50.63359833,26.27079964,6,AS,BH,BH-15,Manama,OBBI,BAH,,
OEDF,large_airport,King Fahd International Airport,49.79790115,26.47120094,72,AS,SA,SA-04,Ad Dammam,OEDF,DMM,,
OEDR,large_airport,King Abdulaziz Air Base,50.15200043,26.26539993,84,AS,SA,SA-04,,OEDR,DHA,,
OEJN,large_airport,King Abdulaziz International Airport,39.156502,21.6796,48,AS,SA,SA-02,Jeddah,OEJN,JED,,
OEMA,large_airport,Prince Mohammad Bin Abdulaziz Airport,39.705101,24.5534,2151,AS,SA,SA-03,Medina,OEMA,MED,,
OERK,large_airport,King Khaled International Airport,46.69879913,24.95759964,2049,AS,SA,SA-01,Riyadh,OERK,RUH,,
OIIE,large_airport,Imam Khomeini International Airport,51.15219879,35.41609955,3305,AS,IR,IR-07,Tehran,OIIE,IKA,,
OIII,large_airport,Mehrabad International Airport,51.31340027,35.68920135,3962,AS,IR,IR-07,Tehran,OIII,THR,,
OIMM,large_airport,Mashhad International Airport,59.64099884,36.23519897,3263,AS,IR,IR-30,Mashhad,OIMM,MHD,,
OISS,large_airport,Shiraz Shahid Dastghaib International Airport,52.58980179,29.53919983,4920,AS,IR,IR-14,Shiraz,OISS,SYZ,,
OITT,large_airport,Tabriz International Airport,46.23500061,38.13389969,4459,AS,IR,IR-01,Tabriz,OITT,TBZ,,
OJAI,large_airport,Queen Alia International Airport,35.99319839,31.72260094,2395,AS,JO,JO-AM,Amman,OJAI,AMM,,
OKBK,large_airport,Kuwait International Airport,47.96889877,29.22660065,206,AS,KW,KW-FA,Kuwait City,OKBK,KWI,,
OLBA,large_airport,Beirut Rafic Hariri International Airport,35.48839951,33.82089996,87,AS,LB,LB-JL,Beirut,OLBA,BEY,,
OM-0003,large_airport,Duqm Jaaluni Airport,57.6428,19.5,380,AS,OM,OM-WU,Duqm,OODQ,JNJ,,
OM-0004,large_airport,Rustaq Airport,57.4875,23.640556,349,AS,OM,OM-BA,Al Masna'ah,OORQ,MNH,,
OMAA,large_airport,Abu Dhabi International Airport,54.65110016,24.43300056,88,AS,AE,AE-AZ,Abu Dhabi,OMAA,AUH,,
OMDB,large_airport,Dubai International Airport,55.36439896,25.25279999,62,AS,AE,AE-DU,Dubai,OMDB,DXB,,
OMDW,large_airport,Al Maktoum International Airport,55.161389,24.896356,114,AS,AE,AE-DU,Jebel Ali,OMDW,DWC,,
OMSJ,large_airport,Sharjah International Airport,55.51720047,25.32859993,111,AS,AE,AE-SH,Sharjah,OMSJ,SHJ,,
OOMS,large_airport,Muscat International Airport,58.28440094,23.59329987,48,AS,OM,OM-MA,Muscat,OOMS,MCT,,
OPRN,large_airport,Benazir Bhutto International Airport,73.09919739,33.61669922,1668,AS,PK,PK-IS,Islamabad,OPRN,ISB,,
OPST,large_airport,Sialkot Airport,74.3638916,32.53555679,837,AS,PK,PK-PB,Sialkot,OPST,SKT,,
ORBI,large_airport,Baghdad International Airport,44.23460007,33.26250076,114,AS,IQ,IQ-BG,Baghdad,ORBI,BGW,,
ORMM,large_airport,Basrah International Airport,47.66210175,30.54910088,11,AS,IQ,IQ-BA,Basrah,ORMM,BSR,,
OSAP,large_airport,Aleppo International Airport,37.22439957,36.18069839,1276,AS,SY,SY-HL,Aleppo,OSAP,ALP,,
OSDI,large_airport,Damascus International Airport,36.5155983,33.41149902,2020,AS,SY,SY-DI,Damascus,OSDI,DAM,,
OSLK,large_airport,Bassel Al-Assad International Airport,35.94869995,35.40110016,157,AS,SY,SY-LA,Latakia,OSLK,LTK,,
PAFA,large_airport,Fairbanks International Airport,-147.8560028,64.81510162,439,NA,US,US-AK,Fairbanks,PAFA,FAI,FAI,
PANC,large_airport,Ted Stevens Anchorage International Airport,-149.9960022,61.17440033,152,NA,US,US-AK,Anchorage,PANC,ANC,ANC,
PGUM,large_airport,Antonio B. Won Pat International Airport,144.7960052,13.48340034,298,OC,GU,GU-U-A,HagÃ¥tÃ±a, Guam International Airport,PGUM,GUM,GUM
PH-0001,large_airport,Laguindingan Airport,124.456496,8.612203,190,AS,PH,PH-MSR,Cagayan de Oro City,RPMY,CGY,,
PHNL,large_airport,Daniel K Inouye International Airport,-157.924228,21.32062,13,NA,US,US-HI,Honolulu,PHNL,HNL,HNL,
PK-0001,large_airport,(Under construction) New Islamabad International Airport,72.851613,33.560713,646,AS,PK,PK-PB,Islamabad,OPIS,,,
QA-0001,large_airport,Hamad International Airport,51.608056,25.273056,13,AS,QA,QA-DA,Doha,OTHH,DOH,,
RCBS,large_airport,Kinmen Airport,118.359001,24.4279,93,AS,TW,TW-X-KM,Shang-I,RCBS,KNH,,
RCKH,large_airport,Kaohsiung International Airport,120.3499985,22.57710075,31,AS,TW,TW-KHH,Kaohsiung City,RCKH,KHH,,
RCTP,large_airport,Taiwan Taoyuan International Airport,121.233002,25.0777,106,AS,TW,TW-TAO,Taipei,RCTP,TPE,,
RJAA,large_airport,Narita International Airport,140.3860016,35.76470184,141,AS,JP,JP-12,Tokyo,RJAA,NRT,,
RJBB,large_airport,Kansai International Airport,135.2440033,34.4272995,26,AS,JP,JP-27,Osaka,RJBB,KIX,,
RJCC,large_airport,New Chitose Airport,141.6920013,42.77519989,82,AS,JP,JP-01,Chitose / Tomakomai,RJCC,CTS,,
RJFF,large_airport,Fukuoka Airport,130.451004,33.58589935,32,AS,JP,JP-40,Fukuoka,RJFF,FUK,,
RJFK,large_airport,Kagoshima Airport,130.7189941,31.80340004,906,AS,JP,JP-46,Kagoshima,RJFK,KOJ,,
RJGG,large_airport,Chubu Centrair International Airport,136.8049927,34.85839844,15,AS,JP,JP-23,Tokoname,RJGG,NGO,,
rjns,large_airport,Mt. Fuji Shizuoka Airport,138.1877518,34.79604347,433,AS,JP,JP-22,Makinohara / Shimada,RJNS,FSZ,,
RJOO,large_airport,Osaka International Airport,135.4380035,34.78549957,50,AS,JP,JP-27,Osaka,RJOO,ITM,,
RJTT,large_airport,Tokyo Haneda International Airport,139.779999,35.552299,35,AS,JP,JP-13,Tokyo,RJTT,HND,,
RJTY,large_airport,Yokota Air Base,139.3480072,35.74850082,463,AS,JP,JP-13,Fussa,RJTY,OKO,,
RKJB,large_airport,Muan International Airport,126.382814,34.991406,35,AS,KR,KR-46,Piseo-ri (Muan),RKJB,MWX,,
RKJK,large_airport,Kunsan Air Base,126.6159973,35.90380096,29,AS,KR,KR-45,Kunsan,RKJK,KUV,,
RKPC,large_airport,Jeju International Airport,126.4929962,33.51129913,118,AS,KR,KR-49,Jeju City,RKPC,CJU,,
RKPK,large_airport,Gimhae International Airport,128.9380035,35.17950058,6,AS,KR,KR-26,Busan,RKPK,PUS,,
RKSI,large_airport,Incheon International Airport,126.4509964,37.46910095,23,AS,KR,KR-28,Seoul,RKSI,ICN,,
RKSO,large_airport,Osan Air Base,127.029999,37.090599,38,AS,KR,KR-41,,RKSO,OSN,,
RKSS,large_airport,Gimpo International Airport,126.7910004,37.55830002,58,AS,KR,KR-11,Seoul,RKSS,GMP,,
RKTU,large_airport,Cheongju International Airport/Cheongju Air Base (K-59/G-513),127.498741,36.717008,191,AS,KR,KR-43,Cheongju,RKTU,CJJ,,
ROAH,large_airport,Naha Airport,127.6460037,26.19580078,12,AS,JP,JP-47,Naha,ROAH,OKA,,
RODN,large_airport,Kadena Air Base,127.767998,26.3556,143,AS,JP,JP-47,,RODN,DNA,,
RPLC,large_airport,Clark International Airport,120.5599976,15.18599987,484,AS,PH,PH-PAM,Angeles City,RPLC,CRK,,
RPLL,large_airport,Ninoy Aquino International Airport,121.019997,14.5086,75,AS,PH,PH-U-A,Manila,RPLL,MNL,,
RPMD,large_airport,Francisco Bangoy International Airport,125.6460037,7.125520229,96,AS,PH,PH-DAV,Davao City,RPMD,DVO,,
RPVM,large_airport,Mactan Cebu International Airport,123.9789963,10.30749989,31,AS,PH,PH-CEB,Lapu-Lapu City,RPVM,CEB,,
RU-0016,large_airport,Lipetsk Air Base,39.44499969,52.63499832,636,EU,RU,RU-LIP,Lipetsk,,,,
RU-0035,large_airport,Grozny North Airport,45.698601,43.388302,548,EU,RU,RU-CE,Grozny,URMG,GRV,,
RU-2244,large_airport,Ukrainka Air Base,128.445007,51.169997,771,EU,RU,RU-AMU,Belogorsk,,,XHBU,
RU-4464,large_airport,Olenya Air Base,33.46390152,68.15180206,702,EU,RU,RU-MUR,Olenegorsk,,,XLMO,
SAEZ,large_airport,Ministro Pistarini International Airport,-58.5358,-34.8222,67,SA,AR,AR-B,Buenos Aires,SAEZ,EZE,EZE,
SBBE,large_airport,Val de Cans/JÃºlio Cezar Ribeiro International Airport,-48.47629929,-1.37925005,54,SA,BR,BR-PA,BelÃ©m,SBBE,BEL,,
SBBR,large_airport,Presidente Juscelino Kubistschek International Airport,-47.92083359,-15.86916733,3497,SA,BR,BR-DF,BrasÃ­lia,SBBR,BSB,,
SBCF,large_airport,Tancredo Neves International Airport,-43.9719429,-19.62444305,2715,SA,BR,BR-MG,Belo Horizonte,SBCF,CNF,,
SBCT,large_airport,Afonso Pena Airport,-49.17580032,-25.5284996,2988,SA,BR,BR-PR,Curitiba,SBCT,CWB,,
SBFL,large_airport,HercÃ­lio Luz International Airport,-48.55250168,-27.67027855,16,SA,BR,BR-SC,FlorianÃ³polis,SBFL,FLN,,
SBGL,large_airport,Rio GaleÃ£o â€“ Tom Jobim International Airport,-43.25055695,-22.80999947,28,SA,BR,BR-RJ,Rio De Janeiro,SBGL,GIG,,
SBGR,large_airport,Guarulhos - Governador AndrÃ© Franco Montoro International Airport,-46.47305679,-23.43555641,2459,SA,BR,BR-SP,SÃ£o Paulo,SBGR,GRU,,
SBSG,large_airport,Governador AluÃ­zio Alves International Airport,-35.376111,-5.768056,272,SA,BR,BR-RN,Natal,SBSG,NAT,,
SBSP,large_airport,Congonhas Airport,-46.65638733,-23.62611008,2631,SA,BR,BR-SP,SÃ£o Paulo,SBSP,CGH,,
SBSV,large_airport,Deputado Luiz Eduardo MagalhÃ£es International Airport,-38.32249832,-12.9086113,64,SA,BR,BR-BA,Salvador,SBSV,SSA,,
SCEL,large_airport,Comodoro Arturo Merino BenÃ­tez International Airport,-70.78579712,-33.39300156,1555,SA,CL,CL-RM,Santiago,SCEL,SCL,,
SELT,large_airport,Cotopaxi International Airport,-78.61579895,-0.906832993,9205,SA,EC,EC-X,Latacunga,SELT,LTX,,
SEQM,large_airport,Mariscal Sucre International Airport,-78.3575,-0.129166667,7841,SA,EC,EC-P,Quito,SEQM,UIO,UIO,
SKBO,large_airport,El Dorado International Airport,-74.1469,4.70159,8361,SA,CO,CO-CUN,Bogota,SKBO,BOG,BOG,
SPIM,large_airport,Jorge ChÃ¡vez International Airport,-77.114304,-12.0219,113,SA,PE,PE-LIM,Lima,SPJC,LIM,,
SPZO,large_airport,Alejandro Velasco Astete International Airport,-71.938797,-13.53569984,10860,SA,PE,PE-CUS,Cusco,SPZO,CUZ,,
SUMU,large_airport,Carrasco International /General C L Berisso Airport,-56.0308,-34.838402,105,SA,UY,UY-CA,Montevideo,SUMU,MVD,,
SVBC,large_airport,General JosÃ© Antonio Anzoategui International Airport,-64.69222222,10.11111111,30,SA,VE,VE-B,Barcelona,SVBC,BLA,,
SVMI,large_airport,SimÃ³n BolÃ­var International Airport,-66.991222,10.601194,234,SA,VE,VE-X,Caracas,SVMI,CCS,,
TFFR,large_airport,Pointe-Ã -Pitre Le Raizet,-61.531799,16.265301,36,NA,GP,GP-U-A,Pointe-Ã -Pitre,TFFR,PTP,,
TJSJ,large_airport,Luis Munoz Marin International Airport,-66.00180054,18.43939972,9,NA,PR,PR-U-A,San Juan,TJSJ,SJU,SJU,
TN-0002,large_airport,Enfidha - Hammamet International Airport,10.438611,36.075833,21,AF,TN,TN-51,Enfidha,DTNH,NBE,,
TNCM,large_airport,Princess Juliana International Airport,-63.10889816,18.04100037,13,NA,SX,SX-U-A,Saint Martin,TNCM,SXM,,
UAAA,large_airport,Almaty Airport,77.04049683,43.35210037,2234,AS,KZ,KZ-ALM,Almaty,UAAA,ALA,,
UACC,large_airport,Astana International Airport,71.46690369,51.02220154,1165,AS,KZ,KZ-AKM,Astana,UACC,TSE,,
UAFM,large_airport,Manas International Airport,74.4776001,43.06129837,2058,AS,KG,KG-C,Bishkek,UCFM,FRU,,
UAKK,large_airport,Sary-Arka Airport,73.33439636,49.67079926,1765,AS,KZ,KZ-KAR,Karaganda,UAKK,KGF,,
UBBB,large_airport,Heydar Aliyev International Airport,50.04669952,40.46749878,10,AS,AZ,AZ-BA,Baku,UBBB,GYD,,
UDYZ,large_airport,Zvartnots International Airport,44.39590073,40.14730072,2838,AS,AM,AM-ER,Yerevan,UDYZ,EVN,,
UGTB,large_airport,Tbilisi International Airport,44.95470047,41.6692009,1624,AS,GE,GE-TB,Tbilisi,UGTB,TBS,,
UHHH,large_airport,Khabarovsk-Novy Airport,135.1880035,48.52799988,244,AS,RU,RU-KHA,Khabarovsk,UHHH,KHV,,
UKBB,large_airport,Boryspil International Airport,30.8946991,50.34500122,427,EU,UA,UA-32,Kiev,UKBB,KBP,,
UKCC,large_airport,Donetsk International Airport,37.73970032,48.07360077,791,EU,UA,UA-14,Donetsk,UKCC,DOK,,
UKFF,large_airport,Simferopol International Airport,33.97510147,45.05220032,639,EU,UA,UA-43,Simferopol,UKFF,SIP,,
UKHH,large_airport,Kharkiv International Airport,36.29000092,49.92480087,508,EU,UA,UA-63,Kharkiv,UKHH,HRK,,
UKOO,large_airport,Odessa International Airport,30.67650032,46.42679977,172,EU,UA,UA-51,Odessa,UKOO,ODS,,
ULLI,large_airport,Pulkovo Airport,30.26250076,59.8003006,78,EU,RU,RU-SPE,St. Petersburg,ULLI,LED,,
UMMS,large_airport,Minsk National Airport,28.03070068,53.88249969,670,EU,BY,BY-MI,Minsk,UMMS,MSQ,,
UNKL,large_airport,Yemelyanovo Airport,92.49330139,56.17290115,942,AS,RU,RU-KYA,Krasnoyarsk,UNKL,KJA,,
UNNT,large_airport,Tolmachevo Airport,82.65070343,55.01259995,365,AS,RU,RU-NVS,Novosibirsk,UNNT,OVB,,
URRR,large_airport,Rostov-on-Don Airport,39.81809998,47.2582016,280,EU,RU,RU-ROS,Rostov-on-Don,URRR,ROV,,
URSS,large_airport,Sochi International Airport,39.9566,43.449902,89,EU,RU,RU-KDA,Sochi,URSS,AER,,
US-0303,large_airport,atl,-84.375,33.137551,,NA,US,US-U-A,,,,,
USSS,large_airport,Koltsovo Airport,60.80270004,56.74309921,764,AS,RU,RU-SVE,Yekaterinburg,USSS,SVX,,
UTTT,large_airport,Tashkent International Airport,69.28119659,41.25790024,1417,AS,UZ,UZ-TO,Tashkent,UTTT,TAS,,
UUBW,large_airport,Zhukovsky International Airport,38.150002,55.553299,377,EU,RU,RU-MOS,Zhukovsky,UUBW,ZIA,,
UUDD,large_airport,Domodedovo International Airport,37.90629959,55.40879822,588,EU,RU,RU-MOS,Moscow,UUDD,DME,,
UUEE,large_airport,Sheremetyevo International Airport,37.4146,55.972599,622,EU,RU,RU-MOS,Moscow,UUEE,SVO,,
UUMU,large_airport,Chkalovskiy Airport,38.061699,55.8783,499,EU,RU,RU-MOS,Moscow,UUMU,CKL,,
UUWW,large_airport,Vnukovo International Airport,37.26150131,55.59149933,685,EU,RU,RU-MOS,Moscow,UUWW,VKO,,
UWKD,large_airport,Kazan International Airport,49.27870178,55.60620117,411,EU,RU,RU-TA,Kazan,UWKD,KZN,,
UWKG,large_airport,Borisoglebskoye Airport,49.13330078,55.86669922,213,EU,RU,RU-TA,Kazan,UWKG,,,
UWUU,large_airport,Ufa International Airport,55.87440109,54.55749893,449,EU,RU,RU-BA,Ufa,UWUU,UFA,,
UWWW,large_airport,Kurumoch International Airport,50.16429901,53.50490189,477,EU,RU,RU-SAM,Samara,UWWW,KUF,,
VABB,large_airport,Chhatrapati Shivaji International Airport,72.86789703,19.08869934,39,AS,IN,IN-MM,Mumbai,VABB,BOM,,
VAGO,large_airport,Dabolim Airport,73.83139801,15.38080025,150,AS,IN,IN-GA,Vasco da Gama,VOGO,GOI,,
VCBI,large_airport,Bandaranaike International Colombo Airport,79.88410187,7.180759907,30,AS,LK,LK-1,Colombo,VCBI,CMB,,
VCRI,large_airport,Mattala Rajapaksa International Airport,81.124128,6.284467,157,AS,LK,LK-3,,VCRI,HRI,VCRI,
VDPP,large_airport,Phnom Penh International Airport,104.8440018,11.54660034,40,AS,KH,KH-8,Phnom Penh,VDPP,PNH,,
VDSR,large_airport,Siem Reap International Airport,103.8130035,13.41069984,60,AS,KH,KH-17,Siem Reap,VDSR,REP,,
VECC,large_airport,Netaji Subhash Chandra Bose International Airport,88.44670105,22.65469933,16,AS,IN,IN-WB,Kolkata,VECC,CCU,,
VHHH,large_airport,Chek Lap Kok International Airport,113.9150009,22.30890083,28,AS,HK,HK-U-A,Hong Kong,VHHH,HKG,,
VIAR,large_airport,Sri Guru Ram Dass Jee International Airport,74.79730225,31.70960045,756,AS,IN,IN-PB,Amritsar,VIAR,ATQ,,
VIDP,large_airport,Indira Gandhi International Airport,77.103104,28.5665,777,AS,IN,IN-DL,New Delhi,VIDP,DEL,,
VMMC,large_airport,Macau International Airport,113.592003,22.149599,20,AS,MO,MO-U-A,Macau,VMMC,MFM,,
VOBL,large_airport,Kempegowda International Airport,77.706299,13.1979,3000,AS,IN,IN-KA,Bangalore,VOBL,BLR,,
VOCI,large_airport,Cochin International Airport,76.401901,10.152,30,AS,IN,IN-KL,Kochi,VOCI,COK,,
VOCL,large_airport,Calicut International Airport,75.95529938,11.13679981,342,AS,IN,IN-KL,Calicut,VOCL,CCJ,,
VOHS,large_airport,Rajiv Gandhi International Airport,78.42985535,17.23131752,2024,AS,IN,IN-TG,Hyderabad,VOHS,HYD,,
VOMM,large_airport,Chennai International Airport,80.16929626,12.99000549,52,AS,IN,IN-TN,Chennai,VOMM,MAA,,
VOTV,large_airport,Trivandrum International Airport,76.92009735,8.48211956,15,AS,IN,IN-KL,Thiruvananthapuram,VOTV,TRV,,
VRMM,large_airport,MalÃ© International Airport,73.52909851,4.191830158,6,AS,MV,MV-MLE,MalÃ©,VRMM,MLE,,
VTBD,large_airport,Don Mueang International Airport,100.6070023,13.91259956,9,AS,TH,TH-10,Bangkok,VTBD,DMK,,
VTBS,large_airport,Suvarnabhumi Airport,100.7470016,13.68109989,5,AS,TH,TH-10,Bangkok,VTBS,BKK,,
VTCC,large_airport,Chiang Mai International Airport,98.96260071,18.76679993,1036,AS,TH,TH-50,Chiang Mai,VTCC,CNX,,
VTSP,large_airport,Phuket International Airport,98.316902,8.1132,82,AS,TH,TH-83,Phuket,VTSP,HKT,,
VVDN,large_airport,Da Nang International Airport,108.1989975,16.04389954,33,AS,VN,VN-60,Da Nang,VVDN,DAD,,
VVNB,large_airport,Noi Bai International Airport,105.8069992,21.22120094,39,AS,VN,VN-15,Hanoi,VVNB,HAN,,
VVTS,large_airport,Tan Son Nhat International Airport,106.6520004,10.81879997,33,AS,VN,VN-23,Ho Chi Minh City,VVTS,SGN,,
VYMD,large_airport,Mandalay International Airport,95.97789764,21.70219994,300,AS,MM,MM-04,Mandalay,VYMD,MDL,,
VYYY,large_airport,Yangon International Airport,96.1332016,16.90730095,109,AS,MM,MM-06,Yangon,VYYY,RGN,,
WAAA,large_airport,Hasanuddin International Airport,119.5540009,-5.061629772,47,AS,ID,ID-SN,Ujung Pandang-Celebes Island,WAAA,UPG,,
WADD,large_airport,Ngurah Rai (Bali) International Airport,115.1669998,-8.748169899,14,AS,ID,ID-BA,Denpasar-Bali Island,WADD,DPS,,
WARR,large_airport,Juanda International Airport,112.7870026,-7.379829884,9,AS,ID,ID-JI,Surabaya,WARR,SUB,,
WAXX,large_airport,Dominique Edward Osok Airport,131.287,-0.894,10,AS,ID,ID-PB,Sorong-Papua Island,WASS,SOQ,,
WBSB,large_airport,Brunei International Airport,114.9280014,4.944200039,73,AS,BN,BN-BM,Bandar Seri Begawan,WBSB,BWN,,
WIII,large_airport,Soekarno-Hatta International Airport,106.6559982,-6.12556982,34,AS,ID,ID-BT,Jakarta,WIII,CGK,,
WIMM,large_airport,Kualanamu International Airport,98.885278,3.642222,23,AS,ID,ID-SU,,WIMM,KNO,,
WMKK,large_airport,Kuala Lumpur International Airport,101.7099991,2.745579958,69,AS,MY,MY-14,Kuala Lumpur,WMKK,KUL,,
WSSS,large_airport,Singapore Changi Airport,103.994003,1.35019,22,AS,SG,SG-04,Singapore,WSSS,SIN,,
YBBN,large_airport,Brisbane International Airport,153.1170044,-27.38419914,13,OC,AU,AU-QLD,Brisbane,YBBN,BNE,,
YMML,large_airport,Melbourne International Airport,144.843002,-37.673302,434,OC,AU,AU-VIC,Melbourne,YMML,MEL,,
YPAD,large_airport,Adelaide International Airport,138.531006,-34.945,20,OC,AU,AU-SA,Adelaide,YPAD,ADL,,
YPPH,large_airport,Perth International Airport,115.9670029,-31.94029999,67,OC,AU,AU-WA,Perth,YPPH,PER,,
YSCB,large_airport,Canberra International Airport,149.1950073,-35.30690002,1886,OC,AU,AU-ACT,Canberra,YSCB,CBR,,
YSSY,large_airport,Sydney Kingsford Smith International Airport,151.177002,-33.94609833,21,OC,AU,AU-NSW,Sydney,YSSY,SYD,,
ZBAA,large_airport,Beijing Capital International Airport,116.5849991,40.08010101,116,AS,CN,CN-11,Beijing,ZBAA,PEK,,
ZBHH,large_airport,Baita International Airport,111.823997,40.851398,3556,AS,CN,CN-15,Hohhot,ZBHH,HET,,
ZBNY,large_airport,Beijing Nanyuan Airport,116.3880005,39.78279877,,AS,CN,CN-11,Beijing,ZBNY,NAY,,
ZBTJ,large_airport,Tianjin Binhai International Airport,117.3460007,39.12440109,10,AS,CN,CN-12,Tianjin,ZBTJ,TSN,,
ZBYN,large_airport,Taiyuan Wusu Airport,112.6279984,37.74689865,2575,AS,CN,CN-14,Taiyuan,ZBYN,TYN,,
ZGGG,large_airport,Guangzhou Baiyun International Airport,113.2990036,23.39240074,50,AS,CN,CN-44,Guangzhou,ZGGG,CAN,,
ZGHA,large_airport,Changsha Huanghua International Airport,113.2200012,28.18919945,217,AS,CN,CN-43,Changsha,ZGHA,CSX,,
ZGKL,large_airport,Guilin Liangjiang International Airport,110.0390015,25.21809959,570,AS,CN,CN-45,Guilin City,ZGKL,KWL,,
ZGNN,large_airport,Nanning Wuxu Airport,108.1719971,22.60829926,421,AS,CN,CN-45,Nanning,ZGNN,NNG,,
ZGSZ,large_airport,Shenzhen Bao'an International Airport,113.810997,22.63929939,13,AS,CN,CN-44,Shenzhen,ZGSZ,SZX,,
ZHCC,large_airport,Zhengzhou Xinzheng International Airport,113.8410034,34.5196991,495,AS,CN,CN-41,Zhengzhou,ZHCC,CGO,,
ZHHH,large_airport,Wuhan Tianhe International Airport,114.208,30.7838,113,AS,CN,CN-42,Wuhan,ZHHH,WUH,,
ZJHK,large_airport,Haikou Meilan International Airport,110.4589996,19.93490028,75,AS,CN,CN-46,Haikou,ZJHK,HAK,,
ZJSY,large_airport,Sanya Phoenix International Airport,109.4120026,18.30290031,92,AS,CN,CN-46,Sanya,ZJSY,SYX,,
ZLXY,large_airport,Xi'an Xianyang International Airport,108.751999,34.447102,1572,AS,CN,CN-61,Xi'an,ZLXY,XIY,,
ZPPP,large_airport,Kunming Changshui International Airport,102.9291667,25.1019444,6903,AS,CN,CN-53,Kunming,ZPPP,KMG,,
ZSAM,large_airport,Xiamen Gaoqi International Airport,118.1279984,24.54400063,59,AS,CN,CN-35,Xiamen,ZSAM,XMN,,
ZSFZ,large_airport,Fuzhou Changle International Airport,119.663002,25.93510056,46,AS,CN,CN-35,Fuzhou,ZSFZ,FOC,,
ZSHC,large_airport,Hangzhou Xiaoshan International Airport,120.4339981,30.22949982,23,AS,CN,CN-33,Hangzhou,ZSHC,HGH,,
ZSJN,large_airport,Yaoqiang Airport,117.2160034,36.85720062,76,AS,CN,CN-37,Jinan,ZSJN,TNA,,
ZSNB,large_airport,Ningbo Lishe International Airport,121.461998,29.82670021,13,AS,CN,CN-33,Ningbo,ZSNB,NGB,,
ZSNJ,large_airport,Nanjing Lukou Airport,118.8619995,31.74200058,49,AS,CN,CN-32,Nanjing,ZSNJ,NKG,,
ZSPD,large_airport,Shanghai Pudong International Airport,121.8050003,31.14340019,13,AS,CN,CN-31,Shanghai,ZSPD,PVG,,
ZSSS,large_airport,Shanghai Hongqiao International Airport,121.3359985,31.19790077,10,AS,CN,CN-31,Shanghai,ZSSS,SHA,,
ZSWZ,large_airport,Wenzhou Yongqiang Airport,120.8519974,27.91220093,,AS,CN,CN-33,Wenzhou,ZSWZ,WNZ,,
ZUCK,large_airport,Chongqing Jiangbei International Airport,106.6419983,29.71920013,1365,AS,CN,CN-50,Chongqing,ZUCK,CKG,,
ZUGY,large_airport,Longdongbao Airport,106.8010025,26.53849983,3736,AS,CN,CN-52,Guiyang,ZUGY,KWE,,
ZUUU,large_airport,Chengdu Shuangliu International Airport,103.9469986,30.57850075,1625,AS,CN,CN-51,Chengdu,ZUUU,CTU,,
ZWWW,large_airport,ÃœrÃ¼mqi Diwopu International Airport,87.47419739,43.90710068,2125,AS,CN,CN-65,ÃœrÃ¼mqi,ZWWW,URC,,
ZYHB,large_airport,Taiping Airport,126.25,45.62340164,457,AS,CN,CN-23,Harbin,ZYHB,HRB,,
ZYTL,large_airport,Zhoushuizi Airport,121.5390015,38.96569824,107,AS,CN,CN-21,Dalian,ZYTL,DLC,,
ZYTX,large_airport,Taoxian Airport,123.4830017,41.63980103,198,AS,CN,CN-21,Shenyang,ZYTX,SHE,,
